Benchmark,Method 1,Method 2,Method 3,Method 4
0.00010424798670641204,3.669928454960205e-6,7.272945990781633e-5,2.3188103820516307e-5,0.00024539978050785137
5.349062424182529e-5,4.8082412030690645e-5,4.1066150850064065e-5,0.0001242410401752433,2.232461891824582e-5
0.0003988888897074479,0.0004213330622084746,0.00039725161894669803,8.722035732337633e-5,3.1247789865803495e-5
0.00035202609765916067,4.208578070295428e-5,2.6833761883685727e-5,0.00014494407993671918,0.00015878154330666922
0.00030315212530896443,1.1651003857693317e-5,0.00028730074833820417,0.00012021207607364155,4.7727611859191635e-5
0.00024970728406556827,9.765221291208703e-5,2.3290932001667955e-5,3.570351555787307e-5,0.0002971924255555442
0.00012333509158259207,9.816077195660891e-5,0.00022378288132430342,7.349181202148971e-5,8.59784302455157e-5
8.106714677317276e-5,7.171576358223074e-5,0.00011408079070395139,0.00021511389953925023,2.2190572516184864e-5
0.00014509272268188982,2.3943298873440944e-5,1.9149025760302934e-5,8.61777225477278e-5,2.217941656661478e-5
0.00030249329314172496,5.150789103029809e-5,0.00010840140167194345,0.00038374462414471133,0.000188870748419876
